--
-- PostgreSQL database dump
--

-- Dumped from database version 11.5
-- Dumped by pg_dump version 11.5

SET statement_timeout = 0;
SET lock_timeout = 0;
SET idle_in_transaction_session_timeout = 0;
SET client_encoding = 'UTF8';
SET standard_conforming_strings = on;
SELECT pg_catalog.set_config('search_path', '', false);
SET check_function_bodies = false;
SET xmloption = content;
SET client_min_messages = warning;
SET row_security = off;

SET default_tablespace = '';

SET default_with_oids = false;

--
-- Name: authorities; Type: TABLE; Schema: public; Owner: postgres
--

CREATE TABLE public.authorities (
    username character varying(50) NOT NULL,
    authority character varying(50) NOT NULL
);


ALTER TABLE public.authorities OWNER TO postgres;

--
-- Name: configuration; Type: TABLE; Schema: public; Owner: postgres
--

CREATE TABLE public.configuration (
    id bigint NOT NULL,
    version integer NOT NULL,
    configuration_version character varying(255),
    docker_run_parameters character varying(255),
    processor_class_id bigint
);


ALTER TABLE public.configuration OWNER TO postgres;

--
-- Name: configuration_configuration_files; Type: TABLE; Schema: public; Owner: postgres
--

CREATE TABLE public.configuration_configuration_files (
    configuration_id bigint NOT NULL,
    file_name character varying(255),
    file_version character varying(255)
);


ALTER TABLE public.configuration_configuration_files OWNER TO postgres;

--
-- Name: configuration_dyn_proc_parameters; Type: TABLE; Schema: public; Owner: postgres
--

CREATE TABLE public.configuration_dyn_proc_parameters (
    configuration_id bigint NOT NULL,
    parameter_type character varying(255) NOT NULL,
    parameter_value character varying(255),
    dyn_proc_parameters_key character varying(255) NOT NULL
);


ALTER TABLE public.configuration_dyn_proc_parameters OWNER TO postgres;

--
-- Name: configuration_input_file; Type: TABLE; Schema: public; Owner: postgres
--

CREATE TABLE public.configuration_input_file (
    id bigint NOT NULL,
    version integer NOT NULL,
    file_name_type character varying(255),
    file_type character varying(255)
);


ALTER TABLE public.configuration_input_file OWNER TO postgres;

--
-- Name: configuration_input_file_file_names; Type: TABLE; Schema: public; Owner: postgres
--

CREATE TABLE public.configuration_input_file_file_names (
    configuration_input_file_id bigint NOT NULL,
    file_names character varying(255)
);


ALTER TABLE public.configuration_input_file_file_names OWNER TO postgres;

--
-- Name: configuration_static_input_files; Type: TABLE; Schema: public; Owner: postgres
--

CREATE TABLE public.configuration_static_input_files (
    configuration_id bigint NOT NULL,
    static_input_files_id bigint NOT NULL
);


ALTER TABLE public.configuration_static_input_files OWNER TO postgres;

--
-- Name: configured_processor; Type: TABLE; Schema: public; Owner: postgres
--

CREATE TABLE public.configured_processor (
    id bigint NOT NULL,
    version integer NOT NULL,
    identifier character varying(255),
    configuration_id bigint,
    processor_id bigint
);


ALTER TABLE public.configured_processor OWNER TO postgres;

--
-- Name: group_authorities; Type: TABLE; Schema: public; Owner: postgres
--

CREATE TABLE public.group_authorities (
    group_id bigint NOT NULL,
    authority character varying(50) NOT NULL
);


ALTER TABLE public.group_authorities OWNER TO postgres;

--
-- Name: group_members; Type: TABLE; Schema: public; Owner: postgres
--

CREATE TABLE public.group_members (
    id bigint NOT NULL,
    username character varying(50) NOT NULL,
    group_id bigint NOT NULL
);


ALTER TABLE public.group_members OWNER TO postgres;

--
-- Name: group_members_id_seq; Type: SEQUENCE; Schema: public; Owner: postgres
--

ALTER TABLE public.group_members ALTER COLUMN id ADD GENERATED BY DEFAULT AS IDENTITY (
    SEQUENCE NAME public.group_members_id_seq
    START WITH 0
    INCREMENT BY 1
    MINVALUE 0
    NO MAXVALUE
    CACHE 1
);


--
-- Name: groups; Type: TABLE; Schema: public; Owner: postgres
--

CREATE TABLE public.groups (
    id bigint NOT NULL,
    group_name character varying(50) NOT NULL
);


ALTER TABLE public.groups OWNER TO postgres;

--
-- Name: groups_id_seq; Type: SEQUENCE; Schema: public; Owner: postgres
--

ALTER TABLE public.groups ALTER COLUMN id ADD GENERATED BY DEFAULT AS IDENTITY (
    SEQUENCE NAME public.groups_id_seq
    START WITH 0
    INCREMENT BY 1
    MINVALUE 0
    NO MAXVALUE
    CACHE 1
);


--
-- Name: hibernate_sequence; Type: SEQUENCE; Schema: public; Owner: postgres
--

CREATE SEQUENCE public.hibernate_sequence
    START WITH 1
    INCREMENT BY 1
    NO MINVALUE
    NO MAXVALUE
    CACHE 1;


ALTER TABLE public.hibernate_sequence OWNER TO postgres;

--
-- Name: job; Type: TABLE; Schema: public; Owner: postgres
--

CREATE TABLE public.job (
    id bigint NOT NULL,
    version integer NOT NULL,
    job_state character varying(255),
    priority integer,
    start_time timestamp(6) without time zone,
    stop_time timestamp(6) without time zone,
    orbit_id bigint,
    processing_facility_id bigint,
    processing_order_id bigint
);


ALTER TABLE public.job OWNER TO postgres;

--
-- Name: job_filter_conditions; Type: TABLE; Schema: public; Owner: postgres
--

CREATE TABLE public.job_filter_conditions (
    job_id bigint NOT NULL,
    parameter_type character varying(255) NOT NULL,
    parameter_value character varying(255),
    filter_conditions_key character varying(255) NOT NULL
);


ALTER TABLE public.job_filter_conditions OWNER TO postgres;

--
-- Name: job_output_parameters; Type: TABLE; Schema: public; Owner: postgres
--

CREATE TABLE public.job_output_parameters (
    job_id bigint NOT NULL,
    parameter_type character varying(255) NOT NULL,
    parameter_value character varying(255),
    output_parameters_key character varying(255) NOT NULL
);


ALTER TABLE public.job_output_parameters OWNER TO postgres;

--
-- Name: job_step; Type: TABLE; Schema: public; Owner: postgres
--

CREATE TABLE public.job_step (
    id bigint NOT NULL,
    version integer NOT NULL,
    job_step_state character varying(255),
    processing_completion_time timestamp without time zone,
    processing_mode character varying(255),
    processing_start_time timestamp without time zone,
    processing_std_err text,
    processing_std_out text,
    job_id bigint
);


ALTER TABLE public.job_step OWNER TO postgres;

--
-- Name: job_step_output_parameters; Type: TABLE; Schema: public; Owner: postgres
--

CREATE TABLE public.job_step_output_parameters (
    job_step_id bigint NOT NULL,
    parameter_type character varying(255) NOT NULL,
    parameter_value character varying(255),
    output_parameters_key character varying(255) NOT NULL
);


ALTER TABLE public.job_step_output_parameters OWNER TO postgres;

--
-- Name: mission; Type: TABLE; Schema: public; Owner: postgres
--

CREATE TABLE public.mission (
    id bigint NOT NULL,
    version integer NOT NULL,
    code character varying(255),
    name character varying(255),
    product_file_template text
);


ALTER TABLE public.mission OWNER TO postgres;

--
-- Name: mission_file_classes; Type: TABLE; Schema: public; Owner: postgres
--

CREATE TABLE public.mission_file_classes (
    mission_id bigint NOT NULL,
    file_classes character varying(255)
);


ALTER TABLE public.mission_file_classes OWNER TO postgres;

--
-- Name: mission_processing_modes; Type: TABLE; Schema: public; Owner: postgres
--

CREATE TABLE public.mission_processing_modes (
    mission_id bigint NOT NULL,
    processing_modes character varying(255)
);


ALTER TABLE public.mission_processing_modes OWNER TO postgres;

--
-- Name: orbit; Type: TABLE; Schema: public; Owner: postgres
--

CREATE TABLE public.orbit (
    id bigint NOT NULL,
    version integer NOT NULL,
    orbit_number integer,
    start_time timestamp(6) without time zone,
    stop_time timestamp(6) without time zone,
    spacecraft_id bigint
);


ALTER TABLE public.orbit OWNER TO postgres;

--
-- Name: processing_facility; Type: TABLE; Schema: public; Owner: postgres
--

CREATE TABLE public.processing_facility (
    id bigint NOT NULL,
    version integer NOT NULL,
    description character varying(255),
    name character varying(255),
    processing_engine_url character varying(255),
    storage_manager_url character varying(255)
);


ALTER TABLE public.processing_facility OWNER TO postgres;

--
-- Name: processing_order; Type: TABLE; Schema: public; Owner: postgres
--

CREATE TABLE public.processing_order (
    id bigint NOT NULL,
    version integer NOT NULL,
    execution_time timestamp without time zone,
    identifier character varying(255),
    order_state character varying(255),
    output_file_class character varying(255),
    processing_mode character varying(255),
    slice_duration bigint,
    slice_overlap bigint,
    slicing_type character varying(255),
    start_time timestamp(6) without time zone,
    stop_time timestamp(6) without time zone,
    mission_id bigint
);


ALTER TABLE public.processing_order OWNER TO postgres;

--
-- Name: processing_order_filter_conditions; Type: TABLE; Schema: public; Owner: postgres
--

CREATE TABLE public.processing_order_filter_conditions (
    processing_order_id bigint NOT NULL,
    parameter_type character varying(255) NOT NULL,
    parameter_value character varying(255),
    filter_conditions_key character varying(255) NOT NULL
);


ALTER TABLE public.processing_order_filter_conditions OWNER TO postgres;

--
-- Name: processing_order_input_product_classes; Type: TABLE; Schema: public; Owner: postgres
--

CREATE TABLE public.processing_order_input_product_classes (
    processing_order_id bigint NOT NULL,
    input_product_classes_id bigint NOT NULL
);


ALTER TABLE public.processing_order_input_product_classes OWNER TO postgres;

--
-- Name: processing_order_output_parameters; Type: TABLE; Schema: public; Owner: postgres
--

CREATE TABLE public.processing_order_output_parameters (
    processing_order_id bigint NOT NULL,
    parameter_type character varying(255) NOT NULL,
    parameter_value character varying(255),
    output_parameters_key character varying(255) NOT NULL
);


ALTER TABLE public.processing_order_output_parameters OWNER TO postgres;

--
-- Name: processing_order_requested_configured_processors; Type: TABLE; Schema: public; Owner: postgres
--

CREATE TABLE public.processing_order_requested_configured_processors (
    processing_order_id bigint NOT NULL,
    requested_configured_processors_id bigint NOT NULL
);


ALTER TABLE public.processing_order_requested_configured_processors OWNER TO postgres;

--
-- Name: processing_order_requested_orbits; Type: TABLE; Schema: public; Owner: postgres
--

CREATE TABLE public.processing_order_requested_orbits (
    processing_order_id bigint NOT NULL,
    requested_orbits_id bigint NOT NULL
);


ALTER TABLE public.processing_order_requested_orbits OWNER TO postgres;

--
-- Name: processing_order_requested_product_classes; Type: TABLE; Schema: public; Owner: postgres
--

CREATE TABLE public.processing_order_requested_product_classes (
    processing_order_id bigint NOT NULL,
    requested_product_classes_id bigint NOT NULL
);


ALTER TABLE public.processing_order_requested_product_classes OWNER TO postgres;

--
-- Name: processor; Type: TABLE; Schema: public; Owner: postgres
--

CREATE TABLE public.processor (
    id bigint NOT NULL,
    version integer NOT NULL,
    docker_image character varying(255),
    docker_run_parameters character varying(255),
    is_test boolean,
    max_time integer,
    min_disk_space integer,
    processor_version character varying(255),
    sensing_time_flag boolean,
    processor_class_id bigint
);


ALTER TABLE public.processor OWNER TO postgres;

--
-- Name: processor_class; Type: TABLE; Schema: public; Owner: postgres
--

CREATE TABLE public.processor_class (
    id bigint NOT NULL,
    version integer NOT NULL,
    processor_name character varying(255),
    mission_id bigint
);


ALTER TABLE public.processor_class OWNER TO postgres;

--
-- Name: product; Type: TABLE; Schema: public; Owner: postgres
--

CREATE TABLE public.product (
    id bigint NOT NULL,
    version integer NOT NULL,
    file_class character varying(255),
    generation_time timestamp(6) without time zone,
    mode character varying(255),
    sensing_start_time timestamp(6) without time zone,
    sensing_stop_time timestamp(6) without time zone,
    uuid uuid,
    configured_processor_id bigint,
    enclosing_product_id bigint,
    job_step_id bigint,
    orbit_id bigint,
    product_class_id bigint
);


ALTER TABLE public.product OWNER TO postgres;

--
-- Name: product_class; Type: TABLE; Schema: public; Owner: postgres
--

CREATE TABLE public.product_class (
    id bigint NOT NULL,
    version integer NOT NULL,
    description character varying(255),
    mission_type character varying(255),
    product_type character varying(255),
    enclosing_class_id bigint,
    mission_id bigint,
    processor_class_id bigint
);


ALTER TABLE public.product_class OWNER TO postgres;

--
-- Name: product_file; Type: TABLE; Schema: public; Owner: postgres
--

CREATE TABLE public.product_file (
    id bigint NOT NULL,
    version integer NOT NULL,
    file_path character varying(255),
    product_file_name character varying(255),
    storage_type character varying(255),
    processing_facility_id bigint,
    product_id bigint
);


ALTER TABLE public.product_file OWNER TO postgres;

--
-- Name: product_file_aux_file_names; Type: TABLE; Schema: public; Owner: postgres
--

CREATE TABLE public.product_file_aux_file_names (
    product_file_id bigint NOT NULL,
    aux_file_names character varying(255)
);


ALTER TABLE public.product_file_aux_file_names OWNER TO postgres;

--
-- Name: product_parameters; Type: TABLE; Schema: public; Owner: postgres
--

CREATE TABLE public.product_parameters (
    product_id bigint NOT NULL,
    parameter_type character varying(255) NOT NULL,
    parameter_value character varying(255),
    parameters_key character varying(255) NOT NULL
);


ALTER TABLE public.product_parameters OWNER TO postgres;

--
-- Name: product_query; Type: TABLE; Schema: public; Owner: postgres
--

CREATE TABLE public.product_query (
    id bigint NOT NULL,
    version integer NOT NULL,
    is_satisfied boolean,
    jpql_query_condition text,
    minimum_coverage smallint,
    sql_query_condition text,
    generating_rule_id bigint,
    job_step_id bigint,
    requested_product_class_id bigint
);


ALTER TABLE public.product_query OWNER TO postgres;

--
-- Name: product_query_filter_conditions; Type: TABLE; Schema: public; Owner: postgres
--

CREATE TABLE public.product_query_filter_conditions (
    product_query_id bigint NOT NULL,
    parameter_type character varying(255) NOT NULL,
    parameter_value character varying(255),
    filter_conditions_key character varying(255) NOT NULL
);


ALTER TABLE public.product_query_filter_conditions OWNER TO postgres;

--
-- Name: product_satisfied_product_queries; Type: TABLE; Schema: public; Owner: postgres
--

CREATE TABLE public.product_satisfied_product_queries (
    satisfying_products_id bigint NOT NULL,
    satisfied_product_queries_id bigint NOT NULL
);


ALTER TABLE public.product_satisfied_product_queries OWNER TO postgres;

--
-- Name: simple_policy; Type: TABLE; Schema: public; Owner: postgres
--

CREATE TABLE public.simple_policy (
    id bigint NOT NULL,
    version integer NOT NULL,
    policy_type character varying(255) NOT NULL
);


ALTER TABLE public.simple_policy OWNER TO postgres;

--
-- Name: simple_policy_delta_times; Type: TABLE; Schema: public; Owner: postgres
--

CREATE TABLE public.simple_policy_delta_times (
    simple_policy_id bigint NOT NULL,
    duration bigint NOT NULL,
    unit integer,
    list_index integer NOT NULL
);


ALTER TABLE public.simple_policy_delta_times OWNER TO postgres;

--
-- Name: simple_selection_rule; Type: TABLE; Schema: public; Owner: postgres
--

CREATE TABLE public.simple_selection_rule (
    id bigint NOT NULL,
    version integer NOT NULL,
    filtered_source_product_type character varying(255),
    is_mandatory boolean,
    minimum_coverage smallint,
    mode character varying(255),
    source_product_class_id bigint,
    target_product_class_id bigint
);


ALTER TABLE public.simple_selection_rule OWNER TO postgres;

--
-- Name: simple_selection_rule_applicable_configured_processors; Type: TABLE; Schema: public; Owner: postgres
--

CREATE TABLE public.simple_selection_rule_applicable_configured_processors (
    simple_selection_rule_id bigint NOT NULL,
    applicable_configured_processors_id bigint NOT NULL
);


ALTER TABLE public.simple_selection_rule_applicable_configured_processors OWNER TO postgres;

--
-- Name: simple_selection_rule_filter_conditions; Type: TABLE; Schema: public; Owner: postgres
--

CREATE TABLE public.simple_selection_rule_filter_conditions (
    simple_selection_rule_id bigint NOT NULL,
    parameter_type character varying(255) NOT NULL,
    parameter_value character varying(255),
    filter_conditions_key character varying(255) NOT NULL
);


ALTER TABLE public.simple_selection_rule_filter_conditions OWNER TO postgres;

--
-- Name: simple_selection_rule_simple_policies; Type: TABLE; Schema: public; Owner: postgres
--

CREATE TABLE public.simple_selection_rule_simple_policies (
    simple_selection_rule_id bigint NOT NULL,
    simple_policies_id bigint NOT NULL
);


ALTER TABLE public.simple_selection_rule_simple_policies OWNER TO postgres;

--
-- Name: spacecraft; Type: TABLE; Schema: public; Owner: postgres
--

CREATE TABLE public.spacecraft (
    id bigint NOT NULL,
    version integer NOT NULL,
    code character varying(255),
    name character varying(255),
    mission_id bigint
);


ALTER TABLE public.spacecraft OWNER TO postgres;

--
-- Name: task; Type: TABLE; Schema: public; Owner: postgres
--

CREATE TABLE public.task (
    id bigint NOT NULL,
    version integer NOT NULL,
    criticality_level integer,
    is_critical boolean,
    number_of_cpus integer,
    task_name character varying(255),
    task_version character varying(255),
    processor_id bigint
);


ALTER TABLE public.task OWNER TO postgres;

--
-- Name: task_breakpoint_file_names; Type: TABLE; Schema: public; Owner: postgres
--

CREATE TABLE public.task_breakpoint_file_names (
    task_id bigint NOT NULL,
    breakpoint_file_names character varying(255)
);


ALTER TABLE public.task_breakpoint_file_names OWNER TO postgres;

--
-- Name: users; Type: TABLE; Schema: public; Owner: postgres
--

CREATE TABLE public.users (
    username character varying(50) NOT NULL,
    password character varying(100) NOT NULL,
    enabled boolean NOT NULL
);


ALTER TABLE public.users OWNER TO postgres;

--
-- Name: 162675; Type: BLOB; Schema: -; Owner: postgres
--

SELECT pg_catalog.lo_create('162675');


ALTER LARGE OBJECT 162675 OWNER TO postgres;

--
-- Name: 172414; Type: BLOB; Schema: -; Owner: postgres
--

SELECT pg_catalog.lo_create('172414');


ALTER LARGE OBJECT 172414 OWNER TO postgres;

--
-- Name: 182129; Type: BLOB; Schema: -; Owner: postgres
--

SELECT pg_catalog.lo_create('182129');


ALTER LARGE OBJECT 182129 OWNER TO postgres;

--
-- Data for Name: authorities; Type: TABLE DATA; Schema: public; Owner: postgres
--

COPY public.authorities (username, authority) FROM stdin;
s5p-proseo	ROLE_USER
\.


--
-- Data for Name: configuration; Type: TABLE DATA; Schema: public; Owner: postgres
--

COPY public.configuration (id, version, configuration_version, docker_run_parameters, processor_class_id) FROM stdin;
25	1	OPER 2019-11-04	\N	17
26	1	OPER 2019-11-04	\N	18
\.


--
-- Data for Name: configuration_configuration_files; Type: TABLE DATA; Schema: public; Owner: postgres
--

COPY public.configuration_configuration_files (configuration_id, file_name, file_version) FROM stdin;
25	/usr/share/sample-processor/conf/ptm_l2_config.xml	1.0
\.


--
-- Data for Name: configuration_dyn_proc_parameters; Type: TABLE DATA; Schema: public; Owner: postgres
--

COPY public.configuration_dyn_proc_parameters (configuration_id, parameter_type, parameter_value, dyn_proc_parameters_key) FROM stdin;
25	STRING	null	logging.dumplog
25	INTEGER	10	Threads
25	STRING	OFFL	Processing_Mode
25	STRING	notice	logging.root
26	STRING	null	logging.dumplog
26	INTEGER	16	Threads
26	STRING	NRTI	Processing_Mode
26	STRING	notice	logging.root
\.


--
-- Data for Name: configuration_input_file; Type: TABLE DATA; Schema: public; Owner: postgres
--

COPY public.configuration_input_file (id, version, file_name_type, file_type) FROM stdin;
\.


--
-- Data for Name: configuration_input_file_file_names; Type: TABLE DATA; Schema: public; Owner: postgres
--

COPY public.configuration_input_file_file_names (configuration_input_file_id, file_names) FROM stdin;
\.


--
-- Data for Name: configuration_static_input_files; Type: TABLE DATA; Schema: public; Owner: postgres
--

COPY public.configuration_static_input_files (configuration_id, static_input_files_id) FROM stdin;
\.


--
-- Data for Name: configured_processor; Type: TABLE DATA; Schema: public; Owner: postgres
--

COPY public.configured_processor (id, version, identifier, configuration_id, processor_id) FROM stdin;
27	1	PTML2 0.0.1 OPER 2019-11-04	25	21
28	1	PTML3 0.0.1 OPER 2019-11-04	26	23
\.


--
-- Data for Name: group_authorities; Type: TABLE DATA; Schema: public; Owner: postgres
--

COPY public.group_authorities (group_id, authority) FROM stdin;
\.


--
-- Data for Name: group_members; Type: TABLE DATA; Schema: public; Owner: postgres
--

COPY public.group_members (id, username, group_id) FROM stdin;
\.


--
-- Data for Name: groups; Type: TABLE DATA; Schema: public; Owner: postgres
--

COPY public.groups (id, group_name) FROM stdin;
\.


--
-- Data for Name: job; Type: TABLE DATA; Schema: public; Owner: postgres
--

COPY public.job (id, version, job_state, priority, start_time, stop_time, orbit_id, processing_facility_id, processing_order_id) FROM stdin;
\.


--
-- Data for Name: job_filter_conditions; Type: TABLE DATA; Schema: public; Owner: postgres
--

COPY public.job_filter_conditions (job_id, parameter_type, parameter_value, filter_conditions_key) FROM stdin;
\.


--
-- Data for Name: job_output_parameters; Type: TABLE DATA; Schema: public; Owner: postgres
--

COPY public.job_output_parameters (job_id, parameter_type, parameter_value, output_parameters_key) FROM stdin;
\.


--
-- Data for Name: job_step; Type: TABLE DATA; Schema: public; Owner: postgres
--

COPY public.job_step (id, version, job_step_state, processing_completion_time, processing_mode, processing_start_time, processing_std_err, processing_std_out, job_id) FROM stdin;
\.


--
-- Data for Name: job_step_output_parameters; Type: TABLE DATA; Schema: public; Owner: postgres
--

COPY public.job_step_output_parameters (job_step_id, parameter_type, parameter_value, output_parameters_key) FROM stdin;
\.


--
-- Data for Name: mission; Type: TABLE DATA; Schema: public; Owner: postgres
--

COPY public.mission (id, version, code, name, product_file_template) FROM stdin;
9	1	PTM	prosEO Test Mission	182129
\.


--
-- Data for Name: mission_file_classes; Type: TABLE DATA; Schema: public; Owner: postgres
--

COPY public.mission_file_classes (mission_id, file_classes) FROM stdin;
9	TEST
9	OPER
\.


--
-- Data for Name: mission_processing_modes; Type: TABLE DATA; Schema: public; Owner: postgres
--

COPY public.mission_processing_modes (mission_id, processing_modes) FROM stdin;
9	OPER
\.


--
-- Data for Name: orbit; Type: TABLE DATA; Schema: public; Owner: postgres
--

COPY public.orbit (id, version, orbit_number, start_time, stop_time, spacecraft_id) FROM stdin;
10	1	3000	2019-11-04 09:00:00.2	2019-11-04 10:41:10.3	45
11	1	3001	2019-11-04 10:41:10.3	2019-11-04 12:22:20.4	45
12	1	3002	2019-11-04 12:22:20.4	2019-11-04 14:03:30.5	45
13	1	3003	2019-11-04 14:03:30.5	2019-11-04 15:44:40.6	45
14	1	3004	2019-11-04 15:44:40.6	2019-11-04 17:25:50.7	45
15	1	3005	2019-11-04 17:25:50.7	2019-11-04 19:07:00.8	45
\.


--
-- Data for Name: processing_facility; Type: TABLE DATA; Schema: public; Owner: postgres
--

COPY public.processing_facility (id, version, description, name, processing_engine_url, storage_manager_url) FROM stdin;
\.


--
-- Data for Name: processing_order; Type: TABLE DATA; Schema: public; Owner: postgres
--

COPY public.processing_order (id, version, execution_time, identifier, order_state, output_file_class, processing_mode, slice_duration, slice_overlap, slicing_type, start_time, stop_time, mission_id) FROM stdin;
\.


--
-- Data for Name: processing_order_filter_conditions; Type: TABLE DATA; Schema: public; Owner: postgres
--

COPY public.processing_order_filter_conditions (processing_order_id, parameter_type, parameter_value, filter_conditions_key) FROM stdin;
\.


--
-- Data for Name: processing_order_input_product_classes; Type: TABLE DATA; Schema: public; Owner: postgres
--

COPY public.processing_order_input_product_classes (processing_order_id, input_product_classes_id) FROM stdin;
\.


--
-- Data for Name: processing_order_output_parameters; Type: TABLE DATA; Schema: public; Owner: postgres
--

COPY public.processing_order_output_parameters (processing_order_id, parameter_type, parameter_value, output_parameters_key) FROM stdin;
\.


--
-- Data for Name: processing_order_requested_configured_processors; Type: TABLE DATA; Schema: public; Owner: postgres
--

COPY public.processing_order_requested_configured_processors (processing_order_id, requested_configured_processors_id) FROM stdin;
\.


--
-- Data for Name: processing_order_requested_orbits; Type: TABLE DATA; Schema: public; Owner: postgres
--

COPY public.processing_order_requested_orbits (processing_order_id, requested_orbits_id) FROM stdin;
\.


--
-- Data for Name: processing_order_requested_product_classes; Type: TABLE DATA; Schema: public; Owner: postgres
--

COPY public.processing_order_requested_product_classes (processing_order_id, requested_product_classes_id) FROM stdin;
\.


--
-- Data for Name: processor; Type: TABLE DATA; Schema: public; Owner: postgres
--

COPY public.processor (id, version, docker_image, docker_run_parameters, is_test, max_time, min_disk_space, processor_version, sensing_time_flag, processor_class_id) FROM stdin;
19	1	localhost:5000/proseo-sample-wrapper:0.0.1-SNAPSHOT	\N	f	0	1024	0.0.1	t	16
21	1	localhost:5000/proseo-sample-wrapper:0.0.1-SNAPSHOT	\N	f	0	1024	0.0.1	t	17
23	1	localhost:5000/proseo-sample-wrapper:0.0.1-SNAPSHOT	\N	f	0	1024	0.0.1	t	18
\.


--
-- Data for Name: processor_class; Type: TABLE DATA; Schema: public; Owner: postgres
--

COPY public.processor_class (id, version, processor_name, mission_id) FROM stdin;
16	1	PTML1B	9
17	1	PTML2	9
18	1	PTML3	9
\.


--
-- Data for Name: product; Type: TABLE DATA; Schema: public; Owner: postgres
--

COPY public.product (id, version, file_class, generation_time, mode, sensing_start_time, sensing_stop_time, uuid, configured_processor_id, enclosing_product_id, job_step_id, orbit_id, product_class_id) FROM stdin;
\.


--
-- Data for Name: product_class; Type: TABLE DATA; Schema: public; Owner: postgres
--

COPY public.product_class (id, version, description, mission_type, product_type, enclosing_class_id, mission_id, processor_class_id) FROM stdin;
29	1	\N	L0________	L0	\N	9	\N
30	1	\N	AUX_IERS_B	AUX_IERS_B	\N	9	\N
31	1	\N	L1B_______	L1B	\N	9	16
32	1	\N	L1B_PART1	L1B_PART1	31	9	\N
33	1	\N	L1B_PART2	L1B_PART2	31	9	\N
34	1	\N	PTM_L2A	PTM_L2A	\N	9	17
37	1	\N	PTM_L2B	PTM_L2B	\N	9	17
40	1	\N	PTM_L3	PTM_L3	\N	9	18
\.


--
-- Data for Name: product_file; Type: TABLE DATA; Schema: public; Owner: postgres
--

COPY public.product_file (id, version, file_path, product_file_name, storage_type, processing_facility_id, product_id) FROM stdin;
\.


--
-- Data for Name: product_file_aux_file_names; Type: TABLE DATA; Schema: public; Owner: postgres
--

COPY public.product_file_aux_file_names (product_file_id, aux_file_names) FROM stdin;
\.


--
-- Data for Name: product_parameters; Type: TABLE DATA; Schema: public; Owner: postgres
--

COPY public.product_parameters (product_id, parameter_type, parameter_value, parameters_key) FROM stdin;
\.


--
-- Data for Name: product_query; Type: TABLE DATA; Schema: public; Owner: postgres
--

COPY public.product_query (id, version, is_satisfied, jpql_query_condition, minimum_coverage, sql_query_condition, generating_rule_id, job_step_id, requested_product_class_id) FROM stdin;
\.


--
-- Data for Name: product_query_filter_conditions; Type: TABLE DATA; Schema: public; Owner: postgres
--

COPY public.product_query_filter_conditions (product_query_id, parameter_type, parameter_value, filter_conditions_key) FROM stdin;
\.


--
-- Data for Name: product_satisfied_product_queries; Type: TABLE DATA; Schema: public; Owner: postgres
--

COPY public.product_satisfied_product_queries (satisfying_products_id, satisfied_product_queries_id) FROM stdin;
\.


--
-- Data for Name: simple_policy; Type: TABLE DATA; Schema: public; Owner: postgres
--

COPY public.simple_policy (id, version, policy_type) FROM stdin;
36	1	LatestValCover
39	1	LatestValCover
42	1	ValIntersect
44	1	ValIntersect
\.


--
-- Data for Name: simple_policy_delta_times; Type: TABLE DATA; Schema: public; Owner: postgres
--

COPY public.simple_policy_delta_times (simple_policy_id, duration, unit, list_index) FROM stdin;
36	0	6	0
36	0	6	1
39	0	6	0
39	0	6	1
42	0	6	0
42	0	6	1
44	0	6	0
44	0	6	1
\.


--
-- Data for Name: simple_selection_rule; Type: TABLE DATA; Schema: public; Owner: postgres
--

COPY public.simple_selection_rule (id, version, filtered_source_product_type, is_mandatory, minimum_coverage, mode, source_product_class_id, target_product_class_id) FROM stdin;
35	1	L1B	t	0	OPER	31	34
38	1	L1B_PART1	t	0	OPER	32	37
41	1	PTM_L2A	t	90	OPER	34	40
43	1	PTM_L2B	t	90	OPER	37	40
\.


--
-- Data for Name: simple_selection_rule_applicable_configured_processors; Type: TABLE DATA; Schema: public; Owner: postgres
--

COPY public.simple_selection_rule_applicable_configured_processors (simple_selection_rule_id, applicable_configured_processors_id) FROM stdin;
35	27
38	27
41	28
43	28
\.


--
-- Data for Name: simple_selection_rule_filter_conditions; Type: TABLE DATA; Schema: public; Owner: postgres
--

COPY public.simple_selection_rule_filter_conditions (simple_selection_rule_id, parameter_type, parameter_value, filter_conditions_key) FROM stdin;
\.


--
-- Data for Name: simple_selection_rule_simple_policies; Type: TABLE DATA; Schema: public; Owner: postgres
--

COPY public.simple_selection_rule_simple_policies (simple_selection_rule_id, simple_policies_id) FROM stdin;
35	36
38	39
41	42
43	44
\.


--
-- Data for Name: spacecraft; Type: TABLE DATA; Schema: public; Owner: postgres
--

COPY public.spacecraft (id, version, code, name, mission_id) FROM stdin;
45	1	PTS	prosEO Test Satellite	\N
\.


--
-- Data for Name: task; Type: TABLE DATA; Schema: public; Owner: postgres
--

COPY public.task (id, version, criticality_level, is_critical, number_of_cpus, task_name, task_version, processor_id) FROM stdin;
20	1	10	t	16	ptm_l01b	0.0.1	19
22	1	10	t	16	ptm_l2	0.0.1	21
24	1	10	t	16	ptm_l3	0.0.1	23
\.


--
-- Data for Name: task_breakpoint_file_names; Type: TABLE DATA; Schema: public; Owner: postgres
--

COPY public.task_breakpoint_file_names (task_id, breakpoint_file_names) FROM stdin;
\.


--
-- Data for Name: users; Type: TABLE DATA; Schema: public; Owner: postgres
--

COPY public.users (username, password, enabled) FROM stdin;
s5p-proseo	$2a$10$/YdE7Ba2KKcHp1O0G/zfW.7BQ8wHdHuctq4r7de2TLg90Ve8OwnPq	t
\.


--
-- Name: group_members_id_seq; Type: SEQUENCE SET; Schema: public; Owner: postgres
--

SELECT pg_catalog.setval('public.group_members_id_seq', 0, false);


--
-- Name: groups_id_seq; Type: SEQUENCE SET; Schema: public; Owner: postgres
--

SELECT pg_catalog.setval('public.groups_id_seq', 0, false);


--
-- Name: hibernate_sequence; Type: SEQUENCE SET; Schema: public; Owner: postgres
--

SELECT pg_catalog.setval('public.hibernate_sequence', 45, true);


--
-- Data for Name: BLOBS; Type: BLOBS; Schema: -; Owner: 
--

BEGIN;

SELECT pg_catalog.lo_open('162675', 131072);
SELECT pg_catalog.lowrite(0, '\x5335505f247b66696c65436c6173737d5f247b70726f64756374436c6173732e6d697373696f6e547970657d5f247b54286a6176612e74696d652e666f726d61742e4461746554696d65466f726d6174746572292e6f665061747465726e2822757575754d4d646427542748486d6d737322292e776974685a6f6e652854286a6176612e74696d652e5a6f6e654964292e6f6628225554432229292e666f726d61742873656e73696e67537461727454696d65297d5f247b54286a6176612e74696d652e666f726d61742e4461746554696d65466f726d6174746572292e6f665061747465726e2822757575754d4d646427542748486d6d737322292e776974685a6f6e652854286a6176612e74696d652e5a6f6e654964292e6f6628225554432229292e666f726d61742873656e73696e6753746f7054696d65297d5f247b286e6577206a6176612e746578742e446563696d616c466f726d6174282230303030302229292e666f726d6174286f726269742e6f726269744e756d626572297d5f247b706172616d65746572732e6765742822636f7065726e69637573436f6c6c656374696f6e22292e676574506172616d6574657256616c756528297d5f247b636f6e6669677572656450726f636573736f722e70726f636573736f722e70726f636573736f7256657273696f6e2e7265706c616365416c6c28225c2e222c202222297d5f247b54286a6176612e74696d652e666f726d61742e4461746554696d65466f726d6174746572292e6f665061747465726e2822757575754d4d646427542748486d6d737322292e776974685a6f6e652854286a6176612e74696d652e5a6f6e654964292e6f6628225554432229292e666f726d61742867656e65726174696f6e54696d65297d2e6e63');
SELECT pg_catalog.lo_close(0);

SELECT pg_catalog.lo_open('172414', 131072);
SELECT pg_catalog.lowrite(0, '\x50544d5f247b66696c65436c6173737d5f247b70726f64756374436c6173732e6d697373696f6e547970657d5f247b54286a6176612e74696d652e666f726d61742e4461746554696d65466f726d6174746572292e6f665061747465726e2822757575754d4d646427542748486d6d737322292e776974685a6f6e652854286a6176612e74696d652e5a6f6e654964292e6f6628225554432229292e666f726d61742873656e73696e67537461727454696d65297d5f247b54286a6176612e74696d652e666f726d61742e4461746554696d65466f726d6174746572292e6f665061747465726e2822757575754d4d646427542748486d6d737322292e776974685a6f6e652854286a6176612e74696d652e5a6f6e654964292e6f6628225554432229292e666f726d61742873656e73696e6753746f7054696d65297d5f247b286e6577206a6176612e746578742e446563696d616c466f726d6174282230303030302229292e666f726d6174286f726269742e6f726269744e756d626572297d5f247b706172616d65746572732e6765742822636f7065726e69637573436f6c6c656374696f6e22292e676574506172616d6574657256616c756528297d5f247b636f6e6669677572656450726f636573736f722e70726f636573736f722e70726f636573736f7256657273696f6e2e7265706c616365416c6c28225c2e222c202222297d5f247b54286a6176612e74696d652e666f726d61742e4461746554696d65466f726d6174746572292e6f665061747465726e2822757575754d4d646427542748486d6d737322292e776974685a6f6e652854286a6176612e74696d652e5a6f6e654964292e6f6628225554432229292e666f726d61742867656e65726174696f6e54696d65297d2e6e63');
SELECT pg_catalog.lo_close(0);

SELECT pg_catalog.lo_open('182129', 131072);
SELECT pg_catalog.lowrite(0, '\x50544d5f247b66696c65436c6173737d5f247b70726f64756374436c6173732e6d697373696f6e547970657d5f247b54286a6176612e74696d652e666f726d61742e4461746554696d65466f726d6174746572292e6f665061747465726e2822757575754d4d646427542748486d6d737322292e776974685a6f6e652854286a6176612e74696d652e5a6f6e654964292e6f6628225554432229292e666f726d61742873656e73696e67537461727454696d65297d5f247b54286a6176612e74696d652e666f726d61742e4461746554696d65466f726d6174746572292e6f665061747465726e2822757575754d4d646427542748486d6d737322292e776974685a6f6e652854286a6176612e74696d652e5a6f6e654964292e6f6628225554432229292e666f726d61742873656e73696e6753746f7054696d65297d5f247b286e6577206a6176612e746578742e446563696d616c466f726d6174282230303030302229292e666f726d6174286f726269742e6f726269744e756d626572297d5f247b706172616d65746572732e6765742822636f7065726e69637573436f6c6c656374696f6e22292e676574506172616d6574657256616c756528297d5f247b636f6e6669677572656450726f636573736f722e70726f636573736f722e70726f636573736f7256657273696f6e2e7265706c616365416c6c28225c2e222c202222297d5f247b54286a6176612e74696d652e666f726d61742e4461746554696d65466f726d6174746572292e6f665061747465726e2822757575754d4d646427542748486d6d737322292e776974685a6f6e652854286a6176612e74696d652e5a6f6e654964292e6f6628225554432229292e666f726d61742867656e65726174696f6e54696d65297d2e6e63');
SELECT pg_catalog.lo_close(0);

COMMIT;

--
-- Name: configuration_dyn_proc_parameters configuration_dyn_proc_parameters_pkey; Type: CONSTRAINT; Schema: public; Owner: postgres
--

ALTER TABLE ONLY public.configuration_dyn_proc_parameters
    ADD CONSTRAINT configuration_dyn_proc_parameters_pkey PRIMARY KEY (configuration_id, dyn_proc_parameters_key);


--
-- Name: configuration_input_file configuration_input_file_pkey; Type: CONSTRAINT; Schema: public; Owner: postgres
--

ALTER TABLE ONLY public.configuration_input_file
    ADD CONSTRAINT configuration_input_file_pkey PRIMARY KEY (id);


--
-- Name: configuration configuration_pkey; Type: CONSTRAINT; Schema: public; Owner: postgres
--

ALTER TABLE ONLY public.configuration
    ADD CONSTRAINT configuration_pkey PRIMARY KEY (id);


--
-- Name: configuration_static_input_files configuration_static_input_files_pkey; Type: CONSTRAINT; Schema: public; Owner: postgres
--

ALTER TABLE ONLY public.configuration_static_input_files
    ADD CONSTRAINT configuration_static_input_files_pkey PRIMARY KEY (configuration_id, static_input_files_id);


--
-- Name: configured_processor configured_processor_pkey; Type: CONSTRAINT; Schema: public; Owner: postgres
--

ALTER TABLE ONLY public.configured_processor
    ADD CONSTRAINT configured_processor_pkey PRIMARY KEY (id);


--
-- Name: group_members group_members_pkey; Type: CONSTRAINT; Schema: public; Owner: postgres
--

ALTER TABLE ONLY public.group_members
    ADD CONSTRAINT group_members_pkey PRIMARY KEY (id);


--
-- Name: groups groups_pkey; Type: CONSTRAINT; Schema: public; Owner: postgres
--

ALTER TABLE ONLY public.groups
    ADD CONSTRAINT groups_pkey PRIMARY KEY (id);


--
-- Name: job_filter_conditions job_filter_conditions_pkey; Type: CONSTRAINT; Schema: public; Owner: postgres
--

ALTER TABLE ONLY public.job_filter_conditions
    ADD CONSTRAINT job_filter_conditions_pkey PRIMARY KEY (job_id, filter_conditions_key);


--
-- Name: job_output_parameters job_output_parameters_pkey; Type: CONSTRAINT; Schema: public; Owner: postgres
--

ALTER TABLE ONLY public.job_output_parameters
    ADD CONSTRAINT job_output_parameters_pkey PRIMARY KEY (job_id, output_parameters_key);


--
-- Name: job job_pkey; Type: CONSTRAINT; Schema: public; Owner: postgres
--

ALTER TABLE ONLY public.job
    ADD CONSTRAINT job_pkey PRIMARY KEY (id);


--
-- Name: job_step_output_parameters job_step_output_parameters_pkey; Type: CONSTRAINT; Schema: public; Owner: postgres
--

ALTER TABLE ONLY public.job_step_output_parameters
    ADD CONSTRAINT job_step_output_parameters_pkey PRIMARY KEY (job_step_id, output_parameters_key);


--
-- Name: job_step job_step_pkey; Type: CONSTRAINT; Schema: public; Owner: postgres
--

ALTER TABLE ONLY public.job_step
    ADD CONSTRAINT job_step_pkey PRIMARY KEY (id);


--
-- Name: mission mission_pkey; Type: CONSTRAINT; Schema: public; Owner: postgres
--

ALTER TABLE ONLY public.mission
    ADD CONSTRAINT mission_pkey PRIMARY KEY (id);


--
-- Name: orbit orbit_pkey; Type: CONSTRAINT; Schema: public; Owner: postgres
--

ALTER TABLE ONLY public.orbit
    ADD CONSTRAINT orbit_pkey PRIMARY KEY (id);


--
-- Name: processing_facility processing_facility_pkey; Type: CONSTRAINT; Schema: public; Owner: postgres
--

ALTER TABLE ONLY public.processing_facility
    ADD CONSTRAINT processing_facility_pkey PRIMARY KEY (id);


--
-- Name: processing_order_filter_conditions processing_order_filter_conditions_pkey; Type: CONSTRAINT; Schema: public; Owner: postgres
--

ALTER TABLE ONLY public.processing_order_filter_conditions
    ADD CONSTRAINT processing_order_filter_conditions_pkey PRIMARY KEY (processing_order_id, filter_conditions_key);


--
-- Name: processing_order_input_product_classes processing_order_input_product_classes_pkey; Type: CONSTRAINT; Schema: public; Owner: postgres
--

ALTER TABLE ONLY public.processing_order_input_product_classes
    ADD CONSTRAINT processing_order_input_product_classes_pkey PRIMARY KEY (processing_order_id, input_product_classes_id);


--
-- Name: processing_order_output_parameters processing_order_output_parameters_pkey; Type: CONSTRAINT; Schema: public; Owner: postgres
--

ALTER TABLE ONLY public.processing_order_output_parameters
    ADD CONSTRAINT processing_order_output_parameters_pkey PRIMARY KEY (processing_order_id, output_parameters_key);


--
-- Name: processing_order processing_order_pkey; Type: CONSTRAINT; Schema: public; Owner: postgres
--

ALTER TABLE ONLY public.processing_order
    ADD CONSTRAINT processing_order_pkey PRIMARY KEY (id);


--
-- Name: processing_order_requested_configured_processors processing_order_requested_configured_processors_pkey; Type: CONSTRAINT; Schema: public; Owner: postgres
--

ALTER TABLE ONLY public.processing_order_requested_configured_processors
    ADD CONSTRAINT processing_order_requested_configured_processors_pkey PRIMARY KEY (processing_order_id, requested_configured_processors_id);


--
-- Name: processing_order_requested_product_classes processing_order_requested_product_classes_pkey; Type: CONSTRAINT; Schema: public; Owner: postgres
--

ALTER TABLE ONLY public.processing_order_requested_product_classes
    ADD CONSTRAINT processing_order_requested_product_classes_pkey PRIMARY KEY (processing_order_id, requested_product_classes_id);


--
-- Name: processor_class processor_class_pkey; Type: CONSTRAINT; Schema: public; Owner: postgres
--

ALTER TABLE ONLY public.processor_class
    ADD CONSTRAINT processor_class_pkey PRIMARY KEY (id);


--
-- Name: processor processor_pkey; Type: CONSTRAINT; Schema: public; Owner: postgres
--

ALTER TABLE ONLY public.processor
    ADD CONSTRAINT processor_pkey PRIMARY KEY (id);


--
-- Name: product_class product_class_pkey; Type: CONSTRAINT; Schema: public; Owner: postgres
--

ALTER TABLE ONLY public.product_class
    ADD CONSTRAINT product_class_pkey PRIMARY KEY (id);


--
-- Name: product_file product_file_pkey; Type: CONSTRAINT; Schema: public; Owner: postgres
--

ALTER TABLE ONLY public.product_file
    ADD CONSTRAINT product_file_pkey PRIMARY KEY (id);


--
-- Name: product_parameters product_parameters_pkey; Type: CONSTRAINT; Schema: public; Owner: postgres
--

ALTER TABLE ONLY public.product_parameters
    ADD CONSTRAINT product_parameters_pkey PRIMARY KEY (product_id, parameters_key);


--
-- Name: product product_pkey; Type: CONSTRAINT; Schema: public; Owner: postgres
--

ALTER TABLE ONLY public.product
    ADD CONSTRAINT product_pkey PRIMARY KEY (id);


--
-- Name: product_query_filter_conditions product_query_filter_conditions_pkey; Type: CONSTRAINT; Schema: public; Owner: postgres
--

ALTER TABLE ONLY public.product_query_filter_conditions
    ADD CONSTRAINT product_query_filter_conditions_pkey PRIMARY KEY (product_query_id, filter_conditions_key);


--
-- Name: product_query product_query_pkey; Type: CONSTRAINT; Schema: public; Owner: postgres
--

ALTER TABLE ONLY public.product_query
    ADD CONSTRAINT product_query_pkey PRIMARY KEY (id);


--
-- Name: product_satisfied_product_queries product_satisfied_product_queries_pkey; Type: CONSTRAINT; Schema: public; Owner: postgres
--

ALTER TABLE ONLY public.product_satisfied_product_queries
    ADD CONSTRAINT product_satisfied_product_queries_pkey PRIMARY KEY (satisfying_products_id, satisfied_product_queries_id);


--
-- Name: simple_policy_delta_times simple_policy_delta_times_pkey; Type: CONSTRAINT; Schema: public; Owner: postgres
--

ALTER TABLE ONLY public.simple_policy_delta_times
    ADD CONSTRAINT simple_policy_delta_times_pkey PRIMARY KEY (simple_policy_id, list_index);


--
-- Name: simple_policy simple_policy_pkey; Type: CONSTRAINT; Schema: public; Owner: postgres
--

ALTER TABLE ONLY public.simple_policy
    ADD CONSTRAINT simple_policy_pkey PRIMARY KEY (id);


--
-- Name: simple_selection_rule_applicable_configured_processors simple_selection_rule_applicable_configured_processors_pkey; Type: CONSTRAINT; Schema: public; Owner: postgres
--

ALTER TABLE ONLY public.simple_selection_rule_applicable_configured_processors
    ADD CONSTRAINT simple_selection_rule_applicable_configured_processors_pkey PRIMARY KEY (simple_selection_rule_id, applicable_configured_processors_id);


--
-- Name: simple_selection_rule_filter_conditions simple_selection_rule_filter_conditions_pkey; Type: CONSTRAINT; Schema: public; Owner: postgres
--

ALTER TABLE ONLY public.simple_selection_rule_filter_conditions
    ADD CONSTRAINT simple_selection_rule_filter_conditions_pkey PRIMARY KEY (simple_selection_rule_id, filter_conditions_key);


--
-- Name: simple_selection_rule simple_selection_rule_pkey; Type: CONSTRAINT; Schema: public; Owner: postgres
--

ALTER TABLE ONLY public.simple_selection_rule
    ADD CONSTRAINT simple_selection_rule_pkey PRIMARY KEY (id);


--
-- Name: spacecraft spacecraft_pkey; Type: CONSTRAINT; Schema: public; Owner: postgres
--

ALTER TABLE ONLY public.spacecraft
    ADD CONSTRAINT spacecraft_pkey PRIMARY KEY (id);


--
-- Name: task task_pkey; Type: CONSTRAINT; Schema: public; Owner: postgres
--

ALTER TABLE ONLY public.task
    ADD CONSTRAINT task_pkey PRIMARY KEY (id);


--
-- Name: product_query uk4dkam8lshg1hjjfk4mm4vsp50; Type: CONSTRAINT; Schema: public; Owner: postgres
--

ALTER TABLE ONLY public.product_query
    ADD CONSTRAINT uk4dkam8lshg1hjjfk4mm4vsp50 UNIQUE (job_step_id, requested_product_class_id);


--
-- Name: orbit uk6tiqkg4pvqd1iyfmes8t2pd2j; Type: CONSTRAINT; Schema: public; Owner: postgres
--

ALTER TABLE ONLY public.orbit
    ADD CONSTRAINT uk6tiqkg4pvqd1iyfmes8t2pd2j UNIQUE (spacecraft_id, orbit_number);


--
-- Name: processing_facility uk8cny9892if8tybde5p5brts6d; Type: CONSTRAINT; Schema: public; Owner: postgres
--

ALTER TABLE ONLY public.processing_facility
    ADD CONSTRAINT uk8cny9892if8tybde5p5brts6d UNIQUE (name);


--
-- Name: configuration_static_input_files uk_2y140wa1pggeycgihvnex0a9c; Type: CONSTRAINT; Schema: public; Owner: postgres
--

ALTER TABLE ONLY public.configuration_static_input_files
    ADD CONSTRAINT uk_2y140wa1pggeycgihvnex0a9c UNIQUE (static_input_files_id);


--
-- Name: simple_selection_rule_simple_policies uk_7jrn9t62kdspngixrembpkrd7; Type: CONSTRAINT; Schema: public; Owner: postgres
--

ALTER TABLE ONLY public.simple_selection_rule_simple_policies
    ADD CONSTRAINT uk_7jrn9t62kdspngixrembpkrd7 UNIQUE (simple_policies_id);


--
-- Name: processing_order ukbdceutrqoge4t26w7bixj9afg; Type: CONSTRAINT; Schema: public; Owner: postgres
--

ALTER TABLE ONLY public.processing_order
    ADD CONSTRAINT ukbdceutrqoge4t26w7bixj9afg UNIQUE (identifier);


--
-- Name: product_file ukdawt5bhyxxovxd4vgo4cw6ugn; Type: CONSTRAINT; Schema: public; Owner: postgres
--

ALTER TABLE ONLY public.product_file
    ADD CONSTRAINT ukdawt5bhyxxovxd4vgo4cw6ugn UNIQUE (product_id, processing_facility_id);


--
-- Name: product_class ukgmc9l016fh1mcqque3k8iy3yu; Type: CONSTRAINT; Schema: public; Owner: postgres
--

ALTER TABLE ONLY public.product_class
    ADD CONSTRAINT ukgmc9l016fh1mcqque3k8iy3yu UNIQUE (mission_id, product_type);


--
-- Name: product_class ukknmke5lquci8jjs0we9lajk0g; Type: CONSTRAINT; Schema: public; Owner: postgres
--

ALTER TABLE ONLY public.product_class
    ADD CONSTRAINT ukknmke5lquci8jjs0we9lajk0g UNIQUE (mission_id, mission_type);


--
-- Name: processor_class uknbv3u0tx6s1770tmlvylhodfw; Type: CONSTRAINT; Schema: public; Owner: postgres
--

ALTER TABLE ONLY public.processor_class
    ADD CONSTRAINT uknbv3u0tx6s1770tmlvylhodfw UNIQUE (mission_id, processor_name);


--
-- Name: configured_processor ukqluoxbhk7kihm71dkalmcq1tq; Type: CONSTRAINT; Schema: public; Owner: postgres
--

ALTER TABLE ONLY public.configured_processor
    ADD CONSTRAINT ukqluoxbhk7kihm71dkalmcq1tq UNIQUE (identifier);


--
-- Name: spacecraft ukt95fh7lk9yu00lk7wbcfkagde; Type: CONSTRAINT; Schema: public; Owner: postgres
--

ALTER TABLE ONLY public.spacecraft
    ADD CONSTRAINT ukt95fh7lk9yu00lk7wbcfkagde UNIQUE (code);


--
-- Name: mission uktio2ulw4k2037685uaayxtuub; Type: CONSTRAINT; Schema: public; Owner: postgres
--

ALTER TABLE ONLY public.mission
    ADD CONSTRAINT uktio2ulw4k2037685uaayxtuub UNIQUE (code);


--
-- Name: processor uktomhxtld2pvrabtanoq3t3odk; Type: CONSTRAINT; Schema: public; Owner: postgres
--

ALTER TABLE ONLY public.processor
    ADD CONSTRAINT uktomhxtld2pvrabtanoq3t3odk UNIQUE (processor_class_id, processor_version);


--
-- Name: users users_pkey; Type: CONSTRAINT; Schema: public; Owner: postgres
--

ALTER TABLE ONLY public.users
    ADD CONSTRAINT users_pkey PRIMARY KEY (username);


--
-- Name: idx657h07h95ub6nyt49a4wib4ky; Type: INDEX; Schema: public; Owner: postgres
--

CREATE INDEX idx657h07h95ub6nyt49a4wib4ky ON public.orbit USING btree (start_time);


--
-- Name: idx6u8n1u6c253dps752x6s7yaa7; Type: INDEX; Schema: public; Owner: postgres
--

CREATE INDEX idx6u8n1u6c253dps752x6s7yaa7 ON public.product_query USING btree (requested_product_class_id);


--
-- Name: idxckdfwsktiy2a7t08oulv9p4bj; Type: INDEX; Schema: public; Owner: postgres
--

CREATE INDEX idxckdfwsktiy2a7t08oulv9p4bj ON public.processing_order USING btree (execution_time);


--
-- Name: idxdp0vd1b50igr05nxswcxupv6v; Type: INDEX; Schema: public; Owner: postgres
--

CREATE INDEX idxdp0vd1b50igr05nxswcxupv6v ON public.product USING btree (product_class_id, sensing_start_time);


--
-- Name: idxebh2ci5ivqufcgtxv4gax0mif; Type: INDEX; Schema: public; Owner: postgres
--

CREATE INDEX idxebh2ci5ivqufcgtxv4gax0mif ON public.product USING btree (product_class_id, generation_time);


--
-- Name: idxojvxy5otq1rh1mu4heg6ny1yn; Type: INDEX; Schema: public; Owner: postgres
--

CREATE INDEX idxojvxy5otq1rh1mu4heg6ny1yn ON public.product USING btree (product_class_id, sensing_stop_time);


--
-- Name: ix_auth_username; Type: INDEX; Schema: public; Owner: postgres
--

CREATE UNIQUE INDEX ix_auth_username ON public.authorities USING btree (username, authority);


--
-- Name: configuration_static_input_files fk23vkvo6qmdg9xinr4drioro6w; Type: FK CONSTRAINT; Schema: public; Owner: postgres
--

ALTER TABLE ONLY public.configuration_static_input_files
    ADD CONSTRAINT fk23vkvo6qmdg9xinr4drioro6w FOREIGN KEY (static_input_files_id) REFERENCES public.configuration_input_file(id);


--
-- Name: product_file_aux_file_names fk24578k1macp0jxtdaiep0nku8; Type: FK CONSTRAINT; Schema: public; Owner: postgres
--

ALTER TABLE ONLY public.product_file_aux_file_names
    ADD CONSTRAINT fk24578k1macp0jxtdaiep0nku8 FOREIGN KEY (product_file_id) REFERENCES public.product_file(id);


--
-- Name: simple_selection_rule_applicable_configured_processors fk2fc10i4kvwdl75twbs0f1jnae; Type: FK CONSTRAINT; Schema: public; Owner: postgres
--

ALTER TABLE ONLY public.simple_selection_rule_applicable_configured_processors
    ADD CONSTRAINT fk2fc10i4kvwdl75twbs0f1jnae FOREIGN KEY (applicable_configured_processors_id) REFERENCES public.configured_processor(id);


--
-- Name: product_query fk2wed8wyw8vyboifjd64ytftp9; Type: FK CONSTRAINT; Schema: public; Owner: postgres
--

ALTER TABLE ONLY public.product_query
    ADD CONSTRAINT fk2wed8wyw8vyboifjd64ytftp9 FOREIGN KEY (requested_product_class_id) REFERENCES public.product_class(id);


--
-- Name: product_file fk4b360nnjmkd9r4w01jc7yer5h; Type: FK CONSTRAINT; Schema: public; Owner: postgres
--

ALTER TABLE ONLY public.product_file
    ADD CONSTRAINT fk4b360nnjmkd9r4w01jc7yer5h FOREIGN KEY (processing_facility_id) REFERENCES public.processing_facility(id);


--
-- Name: product_class fk4oc1a80q9jt8b0et2kl64j8av; Type: FK CONSTRAINT; Schema: public; Owner: postgres
--

ALTER TABLE ONLY public.product_class
    ADD CONSTRAINT fk4oc1a80q9jt8b0et2kl64j8av FOREIGN KEY (processor_class_id) REFERENCES public.processor_class(id);


--
-- Name: product fk4oh5ogb84h479uxx9m2w2s1i3; Type: FK CONSTRAINT; Schema: public; Owner: postgres
--

ALTER TABLE ONLY public.product
    ADD CONSTRAINT fk4oh5ogb84h479uxx9m2w2s1i3 FOREIGN KEY (configured_processor_id) REFERENCES public.configured_processor(id);


--
-- Name: product fk5g7do1yby2n4monwfjw1q79kc; Type: FK CONSTRAINT; Schema: public; Owner: postgres
--

ALTER TABLE ONLY public.product
    ADD CONSTRAINT fk5g7do1yby2n4monwfjw1q79kc FOREIGN KEY (product_class_id) REFERENCES public.product_class(id);


--
-- Name: job fk6ek6xjklhsk2qduh5ejbcnb7c; Type: FK CONSTRAINT; Schema: public; Owner: postgres
--

ALTER TABLE ONLY public.job
    ADD CONSTRAINT fk6ek6xjklhsk2qduh5ejbcnb7c FOREIGN KEY (processing_facility_id) REFERENCES public.processing_facility(id);


--
-- Name: task fk6oktr0t8iad73hifdftqgwok9; Type: FK CONSTRAINT; Schema: public; Owner: postgres
--

ALTER TABLE ONLY public.task
    ADD CONSTRAINT fk6oktr0t8iad73hifdftqgwok9 FOREIGN KEY (processor_id) REFERENCES public.processor(id);


--
-- Name: processing_order_requested_product_classes fk7afxfgldbnrdi5joivn7agj86; Type: FK CONSTRAINT; Schema: public; Owner: postgres
--

ALTER TABLE ONLY public.processing_order_requested_product_classes
    ADD CONSTRAINT fk7afxfgldbnrdi5joivn7agj86 FOREIGN KEY (requested_product_classes_id) REFERENCES public.product_class(id);


--
-- Name: processing_order_filter_conditions fk7c2kv2puafgrqguaudlrgj55h; Type: FK CONSTRAINT; Schema: public; Owner: postgres
--

ALTER TABLE ONLY public.processing_order_filter_conditions
    ADD CONSTRAINT fk7c2kv2puafgrqguaudlrgj55h FOREIGN KEY (processing_order_id) REFERENCES public.processing_order(id);


--
-- Name: processing_order_output_parameters fk7udpjfeq21n6vsi6rxeycsoi9; Type: FK CONSTRAINT; Schema: public; Owner: postgres
--

ALTER TABLE ONLY public.processing_order_output_parameters
    ADD CONSTRAINT fk7udpjfeq21n6vsi6rxeycsoi9 FOREIGN KEY (processing_order_id) REFERENCES public.processing_order(id);


--
-- Name: product_parameters fk84to6rlvpri4i2pjqpvfn5jd8; Type: FK CONSTRAINT; Schema: public; Owner: postgres
--

ALTER TABLE ONLY public.product_parameters
    ADD CONSTRAINT fk84to6rlvpri4i2pjqpvfn5jd8 FOREIGN KEY (product_id) REFERENCES public.product(id);


--
-- Name: job fk8jj66thbddwdxad89qxjeepxg; Type: FK CONSTRAINT; Schema: public; Owner: postgres
--

ALTER TABLE ONLY public.job
    ADD CONSTRAINT fk8jj66thbddwdxad89qxjeepxg FOREIGN KEY (orbit_id) REFERENCES public.orbit(id);


--
-- Name: simple_selection_rule fk8n3bq0ecxeti1ylukwkt7cnm; Type: FK CONSTRAINT; Schema: public; Owner: postgres
--

ALTER TABLE ONLY public.simple_selection_rule
    ADD CONSTRAINT fk8n3bq0ecxeti1ylukwkt7cnm FOREIGN KEY (source_product_class_id) REFERENCES public.product_class(id);


--
-- Name: job_filter_conditions fk94wj5lo9qbb4ial4dyacj7dhj; Type: FK CONSTRAINT; Schema: public; Owner: postgres
--

ALTER TABLE ONLY public.job_filter_conditions
    ADD CONSTRAINT fk94wj5lo9qbb4ial4dyacj7dhj FOREIGN KEY (job_id) REFERENCES public.job(id);


--
-- Name: authorities fk_authorities_users; Type: FK CONSTRAINT; Schema: public; Owner: postgres
--

ALTER TABLE ONLY public.authorities
    ADD CONSTRAINT fk_authorities_users FOREIGN KEY (username) REFERENCES public.users(username);


--
-- Name: group_authorities fk_group_authorities_group; Type: FK CONSTRAINT; Schema: public; Owner: postgres
--

ALTER TABLE ONLY public.group_authorities
    ADD CONSTRAINT fk_group_authorities_group FOREIGN KEY (group_id) REFERENCES public.groups(id);


--
-- Name: group_members fk_group_members_group; Type: FK CONSTRAINT; Schema: public; Owner: postgres
--

ALTER TABLE ONLY public.group_members
    ADD CONSTRAINT fk_group_members_group FOREIGN KEY (group_id) REFERENCES public.groups(id);


--
-- Name: product_class fkafnqr7afqkr7vn6difh4r9e3j; Type: FK CONSTRAINT; Schema: public; Owner: postgres
--

ALTER TABLE ONLY public.product_class
    ADD CONSTRAINT fkafnqr7afqkr7vn6difh4r9e3j FOREIGN KEY (enclosing_class_id) REFERENCES public.product_class(id);


--
-- Name: product_query_filter_conditions fkag48xcu5bmuq9yqls0d824bkj; Type: FK CONSTRAINT; Schema: public; Owner: postgres
--

ALTER TABLE ONLY public.product_query_filter_conditions
    ADD CONSTRAINT fkag48xcu5bmuq9yqls0d824bkj FOREIGN KEY (product_query_id) REFERENCES public.product_query(id);


--
-- Name: simple_selection_rule_applicable_configured_processors fkb9av1i977yys0ql1habohq1o7; Type: FK CONSTRAINT; Schema: public; Owner: postgres
--

ALTER TABLE ONLY public.simple_selection_rule_applicable_configured_processors
    ADD CONSTRAINT fkb9av1i977yys0ql1habohq1o7 FOREIGN KEY (simple_selection_rule_id) REFERENCES public.simple_selection_rule(id);


--
-- Name: job_step fkbi6cqwlkj3nyqkvheqeg5qql0; Type: FK CONSTRAINT; Schema: public; Owner: postgres
--

ALTER TABLE ONLY public.job_step
    ADD CONSTRAINT fkbi6cqwlkj3nyqkvheqeg5qql0 FOREIGN KEY (job_id) REFERENCES public.job(id);


--
-- Name: task_breakpoint_file_names fkblitkg6msystnhjpjj5ya1tfh; Type: FK CONSTRAINT; Schema: public; Owner: postgres
--

ALTER TABLE ONLY public.task_breakpoint_file_names
    ADD CONSTRAINT fkblitkg6msystnhjpjj5ya1tfh FOREIGN KEY (task_id) REFERENCES public.task(id);


--
-- Name: configuration fkbvl2q3rfimgbvr8o6txnm5ea7; Type: FK CONSTRAINT; Schema: public; Owner: postgres
--

ALTER TABLE ONLY public.configuration
    ADD CONSTRAINT fkbvl2q3rfimgbvr8o6txnm5ea7 FOREIGN KEY (processor_class_id) REFERENCES public.processor_class(id);


--
-- Name: product_query fkc71ouv75rseha12h0fmlqt6a5; Type: FK CONSTRAINT; Schema: public; Owner: postgres
--

ALTER TABLE ONLY public.product_query
    ADD CONSTRAINT fkc71ouv75rseha12h0fmlqt6a5 FOREIGN KEY (job_step_id) REFERENCES public.job_step(id);


--
-- Name: configured_processor fkdj5cx8yntdnuxvphpowp47of5; Type: FK CONSTRAINT; Schema: public; Owner: postgres
--

ALTER TABLE ONLY public.configured_processor
    ADD CONSTRAINT fkdj5cx8yntdnuxvphpowp47of5 FOREIGN KEY (configuration_id) REFERENCES public.configuration(id);


--
-- Name: product fke8busf8q6a8uvrh9a5od38tqo; Type: FK CONSTRAINT; Schema: public; Owner: postgres
--

ALTER TABLE ONLY public.product
    ADD CONSTRAINT fke8busf8q6a8uvrh9a5od38tqo FOREIGN KEY (enclosing_product_id) REFERENCES public.product(id);


--
-- Name: processing_order_input_product_classes fkei14w0cwbjj4d293kf0kccovn; Type: FK CONSTRAINT; Schema: public; Owner: postgres
--

ALTER TABLE ONLY public.processing_order_input_product_classes
    ADD CONSTRAINT fkei14w0cwbjj4d293kf0kccovn FOREIGN KEY (input_product_classes_id) REFERENCES public.product_class(id);


--
-- Name: simple_policy_delta_times fkerahx0bbgt0eeqanerq28kofp; Type: FK CONSTRAINT; Schema: public; Owner: postgres
--

ALTER TABLE ONLY public.simple_policy_delta_times
    ADD CONSTRAINT fkerahx0bbgt0eeqanerq28kofp FOREIGN KEY (simple_policy_id) REFERENCES public.simple_policy(id);


--
-- Name: product_query fkfh82iydbxt4tvgiscy2qlj2m9; Type: FK CONSTRAINT; Schema: public; Owner: postgres
--

ALTER TABLE ONLY public.product_query
    ADD CONSTRAINT fkfh82iydbxt4tvgiscy2qlj2m9 FOREIGN KEY (generating_rule_id) REFERENCES public.simple_selection_rule(id);


--
-- Name: simple_selection_rule_simple_policies fkfjb7qfppicnb1xj9vgi895dnb; Type: FK CONSTRAINT; Schema: public; Owner: postgres
--

ALTER TABLE ONLY public.simple_selection_rule_simple_policies
    ADD CONSTRAINT fkfjb7qfppicnb1xj9vgi895dnb FOREIGN KEY (simple_selection_rule_id) REFERENCES public.simple_selection_rule(id);


--
-- Name: configuration_configuration_files fkg6qj2gjs3td0wwcioda96uik5; Type: FK CONSTRAINT; Schema: public; Owner: postgres
--

ALTER TABLE ONLY public.configuration_configuration_files
    ADD CONSTRAINT fkg6qj2gjs3td0wwcioda96uik5 FOREIGN KEY (configuration_id) REFERENCES public.configuration(id);


--
-- Name: processing_order_requested_configured_processors fkgdnmmc4ri3f4w2d52e935d3jg; Type: FK CONSTRAINT; Schema: public; Owner: postgres
--

ALTER TABLE ONLY public.processing_order_requested_configured_processors
    ADD CONSTRAINT fkgdnmmc4ri3f4w2d52e935d3jg FOREIGN KEY (processing_order_id) REFERENCES public.processing_order(id);


--
-- Name: simple_selection_rule_simple_policies fkgijs10i27ucb2tosn56pqrqt6; Type: FK CONSTRAINT; Schema: public; Owner: postgres
--

ALTER TABLE ONLY public.simple_selection_rule_simple_policies
    ADD CONSTRAINT fkgijs10i27ucb2tosn56pqrqt6 FOREIGN KEY (simple_policies_id) REFERENCES public.simple_policy(id);


--
-- Name: processing_order fkgj4135cm664vfl5jt6v613y0e; Type: FK CONSTRAINT; Schema: public; Owner: postgres
--

ALTER TABLE ONLY public.processing_order
    ADD CONSTRAINT fkgj4135cm664vfl5jt6v613y0e FOREIGN KEY (mission_id) REFERENCES public.mission(id);


--
-- Name: configuration_static_input_files fkgls3b4eoq74nhjslcn57reige; Type: FK CONSTRAINT; Schema: public; Owner: postgres
--

ALTER TABLE ONLY public.configuration_static_input_files
    ADD CONSTRAINT fkgls3b4eoq74nhjslcn57reige FOREIGN KEY (configuration_id) REFERENCES public.configuration(id);


--
-- Name: processing_order_requested_orbits fkgruycyl8hgdsmac11yl37odi9; Type: FK CONSTRAINT; Schema: public; Owner: postgres
--

ALTER TABLE ONLY public.processing_order_requested_orbits
    ADD CONSTRAINT fkgruycyl8hgdsmac11yl37odi9 FOREIGN KEY (processing_order_id) REFERENCES public.processing_order(id);


--
-- Name: orbit fki2gpip0vqngjwnvmguox9wi3f; Type: FK CONSTRAINT; Schema: public; Owner: postgres
--

ALTER TABLE ONLY public.orbit
    ADD CONSTRAINT fki2gpip0vqngjwnvmguox9wi3f FOREIGN KEY (spacecraft_id) REFERENCES public.spacecraft(id);


--
-- Name: configuration_input_file_file_names fki81ysbbwtpwxlhcm82eksdq1g; Type: FK CONSTRAINT; Schema: public; Owner: postgres
--

ALTER TABLE ONLY public.configuration_input_file_file_names
    ADD CONSTRAINT fki81ysbbwtpwxlhcm82eksdq1g FOREIGN KEY (configuration_input_file_id) REFERENCES public.configuration_input_file(id);


--
-- Name: simple_selection_rule_filter_conditions fki9hebpru8hilywjux8v76p2em; Type: FK CONSTRAINT; Schema: public; Owner: postgres
--

ALTER TABLE ONLY public.simple_selection_rule_filter_conditions
    ADD CONSTRAINT fki9hebpru8hilywjux8v76p2em FOREIGN KEY (simple_selection_rule_id) REFERENCES public.simple_selection_rule(id);


--
-- Name: product_class fkinocsatitcf1ofpp4wc7psua2; Type: FK CONSTRAINT; Schema: public; Owner: postgres
--

ALTER TABLE ONLY public.product_class
    ADD CONSTRAINT fkinocsatitcf1ofpp4wc7psua2 FOREIGN KEY (mission_id) REFERENCES public.mission(id);


--
-- Name: processing_order_requested_product_classes fkj0e73npk4ljcr6lupi978clea; Type: FK CONSTRAINT; Schema: public; Owner: postgres
--

ALTER TABLE ONLY public.processing_order_requested_product_classes
    ADD CONSTRAINT fkj0e73npk4ljcr6lupi978clea FOREIGN KEY (processing_order_id) REFERENCES public.processing_order(id);


--
-- Name: simple_selection_rule fkje8biclfyorg1wm8uh1qf9d0; Type: FK CONSTRAINT; Schema: public; Owner: postgres
--

ALTER TABLE ONLY public.simple_selection_rule
    ADD CONSTRAINT fkje8biclfyorg1wm8uh1qf9d0 FOREIGN KEY (target_product_class_id) REFERENCES public.product_class(id);


--
-- Name: configuration_dyn_proc_parameters fkjpifxw2lvac6ipxqdimmy73k4; Type: FK CONSTRAINT; Schema: public; Owner: postgres
--

ALTER TABLE ONLY public.configuration_dyn_proc_parameters
    ADD CONSTRAINT fkjpifxw2lvac6ipxqdimmy73k4 FOREIGN KEY (configuration_id) REFERENCES public.configuration(id);


--
-- Name: product_satisfied_product_queries fkk5rlrwoo04huxotyum6efdw4w; Type: FK CONSTRAINT; Schema: public; Owner: postgres
--

ALTER TABLE ONLY public.product_satisfied_product_queries
    ADD CONSTRAINT fkk5rlrwoo04huxotyum6efdw4w FOREIGN KEY (satisfied_product_queries_id) REFERENCES public.product_query(id);


--
-- Name: product fkk9wbgbn6a2xyr7f7vl65uogis; Type: FK CONSTRAINT; Schema: public; Owner: postgres
--

ALTER TABLE ONLY public.product
    ADD CONSTRAINT fkk9wbgbn6a2xyr7f7vl65uogis FOREIGN KEY (job_step_id) REFERENCES public.job_step(id);


--
-- Name: processing_order_requested_configured_processors fkkkhi2aj21ehrsok4ekhl1fd31; Type: FK CONSTRAINT; Schema: public; Owner: postgres
--

ALTER TABLE ONLY public.processing_order_requested_configured_processors
    ADD CONSTRAINT fkkkhi2aj21ehrsok4ekhl1fd31 FOREIGN KEY (requested_configured_processors_id) REFERENCES public.configured_processor(id);


--
-- Name: product fkkobwm0e23qst5q2irk37fwmuy; Type: FK CONSTRAINT; Schema: public; Owner: postgres
--

ALTER TABLE ONLY public.product
    ADD CONSTRAINT fkkobwm0e23qst5q2irk37fwmuy FOREIGN KEY (orbit_id) REFERENCES public.orbit(id);


--
-- Name: processing_order_input_product_classes fkl16rc9whni5al0b0t4ukf1dq6; Type: FK CONSTRAINT; Schema: public; Owner: postgres
--

ALTER TABLE ONLY public.processing_order_input_product_classes
    ADD CONSTRAINT fkl16rc9whni5al0b0t4ukf1dq6 FOREIGN KEY (processing_order_id) REFERENCES public.processing_order(id);


--
-- Name: processing_order_requested_orbits fkl52pcfs07440sihimxmpy6iva; Type: FK CONSTRAINT; Schema: public; Owner: postgres
--

ALTER TABLE ONLY public.processing_order_requested_orbits
    ADD CONSTRAINT fkl52pcfs07440sihimxmpy6iva FOREIGN KEY (requested_orbits_id) REFERENCES public.orbit(id);


--
-- Name: configured_processor fkloteyhnalc56x161f4inujyt5; Type: FK CONSTRAINT; Schema: public; Owner: postgres
--

ALTER TABLE ONLY public.configured_processor
    ADD CONSTRAINT fkloteyhnalc56x161f4inujyt5 FOREIGN KEY (processor_id) REFERENCES public.processor(id);


--
-- Name: job_step_output_parameters fklw2fh8ksho7gcvrfykeoep899; Type: FK CONSTRAINT; Schema: public; Owner: postgres
--

ALTER TABLE ONLY public.job_step_output_parameters
    ADD CONSTRAINT fklw2fh8ksho7gcvrfykeoep899 FOREIGN KEY (job_step_id) REFERENCES public.job_step(id);


--
-- Name: processor_class fklxfogyfhmujn40qg0ooxfdwfv; Type: FK CONSTRAINT; Schema: public; Owner: postgres
--

ALTER TABLE ONLY public.processor_class
    ADD CONSTRAINT fklxfogyfhmujn40qg0ooxfdwfv FOREIGN KEY (mission_id) REFERENCES public.mission(id);


--
-- Name: product_satisfied_product_queries fknekgyp50knufdn0h716tuumbr; Type: FK CONSTRAINT; Schema: public; Owner: postgres
--

ALTER TABLE ONLY public.product_satisfied_product_queries
    ADD CONSTRAINT fknekgyp50knufdn0h716tuumbr FOREIGN KEY (satisfying_products_id) REFERENCES public.product(id);


--
-- Name: processor fko4ocncq22u0j2prxw2dbk0dka; Type: FK CONSTRAINT; Schema: public; Owner: postgres
--

ALTER TABLE ONLY public.processor
    ADD CONSTRAINT fko4ocncq22u0j2prxw2dbk0dka FOREIGN KEY (processor_class_id) REFERENCES public.processor_class(id);


--
-- Name: job fko7lm1bpn9pqf1qq9o5fpfjtic; Type: FK CONSTRAINT; Schema: public; Owner: postgres
--

ALTER TABLE ONLY public.job
    ADD CONSTRAINT fko7lm1bpn9pqf1qq9o5fpfjtic FOREIGN KEY (processing_order_id) REFERENCES public.processing_order(id);


--
-- Name: mission_processing_modes fkqhg2duxhcpldh28nyh7nwnfcn; Type: FK CONSTRAINT; Schema: public; Owner: postgres
--

ALTER TABLE ONLY public.mission_processing_modes
    ADD CONSTRAINT fkqhg2duxhcpldh28nyh7nwnfcn FOREIGN KEY (mission_id) REFERENCES public.mission(id);


--
-- Name: product_file fkqs127y6vnoylxgo8aroqx4e8f; Type: FK CONSTRAINT; Schema: public; Owner: postgres
--

ALTER TABLE ONLY public.product_file
    ADD CONSTRAINT fkqs127y6vnoylxgo8aroqx4e8f FOREIGN KEY (product_id) REFERENCES public.product(id);


--
-- Name: job_output_parameters fkrsx8biruimd9raheaq6i77lqr; Type: FK CONSTRAINT; Schema: public; Owner: postgres
--

ALTER TABLE ONLY public.job_output_parameters
    ADD CONSTRAINT fkrsx8biruimd9raheaq6i77lqr FOREIGN KEY (job_id) REFERENCES public.job(id);


--
-- Name: mission_file_classes fks4suek1246jge02gcgpnoms5y; Type: FK CONSTRAINT; Schema: public; Owner: postgres
--

ALTER TABLE ONLY public.mission_file_classes
    ADD CONSTRAINT fks4suek1246jge02gcgpnoms5y FOREIGN KEY (mission_id) REFERENCES public.mission(id);


--
-- Name: spacecraft fksp2jjwkpaehybfu5pwedol1c; Type: FK CONSTRAINT; Schema: public; Owner: postgres
--

ALTER TABLE ONLY public.spacecraft
    ADD CONSTRAINT fksp2jjwkpaehybfu5pwedol1c FOREIGN KEY (mission_id) REFERENCES public.mission(id);


--
-- PostgreSQL database dump complete
--

